[{
    "segment" : "subscriber",
    "url" : "http://www.coronalabs.com/links/homescreen/daily-builds",
    "title" : "Download the Latest Daily Build for Bug Fixes & New Features"
},
{
    "segment" : "trial",
    "url" : "http://www.coronalabs.com/store/?ref=simulatorfeed",
    "title" : "Ready to Distribute? Subscribe Now"
},
{
    "segment" : "trial",
    "url" : "http://www.coronalabs.com/store/?ref=simulatorfeed",
    "title" : "You are logged in as a Starter user. Buy Pro Today!"
},
{
    "segment" : "trial",
    "url" : "http://www.coronalabs.com/store/?ref=simulatorfeed",
    "title" : "Click Here For Faster Build Times & Access to Daily Builds"
},
{
    "segment" : "everyone",
    "url" : "http://code.coronalabs.com/",
    "title" : "Click Here to Share Your Creations and Download Code Gems!"
},
{
    "segment" : "everyone",
    "url" : "http://www.coronalabs.com/links/homescreen/forum/",
    "title" : "Engage with Other Corona Developers in the Forums"
},
]
