{
	"Comment": "In builds this are generated by *_xcode_jsons.py scripts",
	"ios": [
		{
			"label": "14.2 Metal",
			"xcodeVersion": "14.2",
			"failMessage": "install or xcode-select Xcode 12.2 to enable",
			"coronaVersion": 142000,
			"beta": false,
			"customTemplate": "-angle"
		},
		{
			"label": "14.2",
			"xcodeVersion": "14.2",
			"failMessage": "install or xcode-select Xcode 12.2 to enable",
			"coronaVersion": 142000,
			"beta": false
		},
		{
			"label": "14.3 Metal",
			"xcodeVersion": "14.3",
			"failMessage": "install or xcode-select Xcode 12.3 to enable",
			"coronaVersion": 143000,
			"beta": false,
			"customTemplate": "-angle"
		},
		{
			"label": "14.3",
			"xcodeVersion": "14.3",
			"failMessage": "install or xcode-select Xcode 12.3 to enable",
			"coronaVersion": 143000,
			"beta": false
		},
		{
			"label": "13.2 (Legacy)",
			"xcodeVersion": "13.2",
			"failMessage": "install or xcode-select Xcode 11.3.1 to enable",
			"coronaVersion": 132000,
			"beta": false
		}
	]
}
